Unnamed: 0.2,Unnamed: 0.1,Unnamed: 0,sentence,data_eligible,matched_locations,translated_sentence_en,matched_locations_en
0,0,0,"विद्या भट्टराई भन्छिन्– त्यसदिन मैले उहाँ (रवीन्द्र) लाई शुभयात्रा पनि भन्‍न पाइनँ 
पोखरा",Yes,['पोखरा'],"Vidya Bhattarai says – That day, I didn't even get to wish him (Rabindra) a good journey.",['Pokhara']
1,1,1,फागुन १५ गते ताप्लेजुङमा भएको विमान दुर्घटनामा ज्यान गुमाएपछि स्व. अधिकारीको मालेपाटनस्थित घर मौन छ,Yes,"[ 'पाटन', 'ताप्लेजुङ']","After losing his life in the plane crash in Taplejung on February 27th, the home of the late Adhikari in Malepatan is silent.","['Patan', 'Taplejung']"
2,2,2,छिरिङ ताप्लेजुङ जाने एक दिन अगाडिसम्म पनि हामी गल्फ खेलिरहेका थियौं,Yes,[ 'ताप्लेजुङ'],"Chhiring, even the day before going to Taplejung, we were playing golf.",['Taplejung']
3,3,3,ऊ पाइलापाइलामा विजनेस पनि देख्ने मान्छे,Yes,['इलाम'],He is the kind of person who sees business in every step.,['Ilam']
4,4,4,"त्यसैले म भन्छु, ताप्लेजुङ दुर्घटनाले तीन क्षेत्रका खम्बा गुमाएको छ",Yes,[ 'ताप्लेजुङ'],"That's why I say, the Taplejung accident has lost pillars of three sectors.",['Taplejung']
5,5,5,गुल्मीको दर्लिनबाट बुटवलतर्फ जाँदै गरेको लु १ ज १९५७ नम्बरको जीप मुसिकोट नगरपालिका-१ च्यानडाँडामा बिहीबार बिहान झण्डै साढे ७ बजे जीप दुर्घटना हुँदा कांग्रेस नेता भण्डारीसँगै अन्य दुई जनाको पनि ज्यान गएको हो,Yes,['मुसिकोट'],"On Thursday morning, at around 7:30 AM, a jeep with number Lu 1 Ja 1957, going from Darling of Gulmi towards Butwal, crashed in Chyanadanda of Musikot Municipality-1, resulting in the death of Congress leader Bhandari along with two other people.",['Musikot']
6,6,6,गुल्मीको धुर्कोट गाउँपालिका अर्न्तगत पर्ने वस्तु निवासी नेता भण्डारी २०४८ सालको आमनिर्वाचनमा कांग्रेसका तर्फबाट गुल्मी निर्वाचन क्षेत्र नं. ३ बाट प्रतिनिधिसभामा निर्वाचित भएका थिए,Yes,['धुर्कोट'],"Leader Bhandari, a resident of Bastu, which falls under Dhurkot Rural Municipality of Gulmi, was elected to the House of Representatives from Gulmi Constituency No. 3 on behalf of the Congress in the general election of 2048 BS.",['Dhurkot']
7,7,7,भारतबाटसमेत दमकल ल्याएर आगो नियन्त्रणमा ल्याइएको थियो रे,Yes,['दमक'],It is said that fire trucks were brought even from India to control the fire.,['Damak']
8,8,8,"तर, चुनावी मैदानमा होमिन उहाँ चाहनुभएन",Yes,['मैदान'],"But, he didn't want to enter the election fray.",['Maidan (Field/Plain)']
9,9,9,उहाँले सोनापुरमा पनि जुटमिल खोल्नुभयो,Yes,['सोनापुर'],He also opened a jute mill in Sonapur.,['Sonapur']
10,10,10,"भारतका प्रधानमन्त्री नरेन्द्र मोदीको दोस्रो कार्यकालको शपथ ग्रहणका ... 
सुरुङ्गा (झापा)",Yes,['सुरुङ्गा'],"The swearing-in ceremony of the second term of the Prime Minister of India, Narendra Modi...",['Surunga']
11,11,11,सिन्धुपाल्चोक फुल्पिङकोटको कल्लेरी डाँडोमा एक तमासको सिरेटो चल्थ्यो,Yes,['कल्लेरी'],"A continuous cold wind blew in Kalleri Danda of Fulpingkot, Sindhupalchok.",['Kalleri']
12,12,12,फाँटभरि सेताम्य पोखिएको तुसारोले भक्तपुरमा चिसो बढेको प्रतीत हुन्छ,Yes,['भक्तपुर'],The frost spread all over the field gives the impression that the cold has increased in Bhaktapur.,['Bhaktapur']
13,13,13,"कविता प्रतियोगिता मात्र होइन, हाजिरी जवाफ प्रतियोगितामा समेत जिल्लामा कसैले उनलाई उछिन्न सक्दैनथ्यो",Yes,['जिरी'],"Not only in poetry competitions, but also in quiz competitions, no one in the district could surpass him.",['Jiri']
14,14,14,०३७ सालतिर उनले ‘सरस्वती बन्दना’ शीर्षकमा कविता लेखेका थिए,Yes,['सरस्वती'],"Around 2037 BS, he wrote a poem titled 'Saraswati Vandana'.",['Saraswati']
15,15,15,"” 
सिन्धुपाल्चोक फुल्पिङकोटको कल्लेरी डाँडोमा एक तमासको सिरेटो चल्थ्यो",Yes,['कल्लेरी'],"""",['Kalleri']
16,16,16,फाँटभरि सेताम्य पोखिएको तुसारोले भक्तपुरमा चिसो बढेको प्रतीत हुन्छ,Yes,['भक्तपुर'],The frost spread all over the field gives the impression that the cold has increased in Bhaktapur.,['Bhaktapur']
17,17,17,"कविता प्रतियोगिता मात्र होइन, हाजिरी जवाफ प्रतियोगितामा समेत जिल्लामा कसैले उनलाई उछिन्न सक्दैनथ्यो",Yes,['जिरी'],"Not only in poetry competitions, but also in quiz competitions, no one in the district could surpass him.",['Jiri']
18,18,18,०३७ सालतिर उनले ‘सरस्वती बन्दना’ शीर्षकमा कविता लेखेका थिए,Yes,['सरस्वती'],"Around 2037 BS, he wrote a poem titled 'Saraswati Vandana'.",['Saraswati']
19,20,20,"सीबीआईका दुई टोली समेत झण्डै आधा दर्जन छानवीन समिति बनाएर पनि दोषी लुक्न पाउनुमा, नेमकिपाका अध्यक्ष नारायणमान विजुक्छेले दावा गरे जस्तै ‘सरकारले नै दोषी लुकाएको’ शंका हुने नै भयो",Yes,"['दावा', 'नारायण']","Even after forming two teams of CBI and almost half a dozen investigation committees, the suspicion that 'the government itself is hiding the culprit' as claimed by Narayanman Bijukchhe, chairman of Nepal Workers Peasants Party (NWPP), becomes certain when the culprit is able to hide.","['Dawa', 'Narayan']"
20,21,21,"झण्डै उस्तै, काजी नारायण श्रेष्ठको घुर्कीको फिर्ती जस्तै",Yes,['नारायण'],"Almost the same, like the return of Kaji Narayan Shrestha's threat.",['Narayan']
21,22,22,त्यहाँभित्र दावानल छ,Yes,['दावा'],There is wildfire within.,['Dawa']
22,23,23,"सीबीआईका दुई टोली समेत झण्डै आधा दर्जन छानवीन समिति बनाएर पनि दोषी लुक्न पाउनुमा, नेमकिपाका अध्यक्ष नारायणमान विजुक्छेले दावा गरे जस्तै ‘सरकारले नै दोषी लुकाएको’ शंका हुने नै भयो",Yes,"['दावा', 'नारायण']","Even after forming two teams of CBI and almost half a dozen investigation committees, the suspicion that 'the government itself is hiding the culprit' as claimed by Narayanman Bijukchhe, chairman of Nepal Workers Peasants Party (NWPP), becomes certain when the culprit is able to hide.","['Dawa', 'Narayan']"
23,24,24,"झण्डै उस्तै, काजी नारायण श्रेष्ठको घुर्कीको फिर्ती जस्तै",Yes,['नारायण'],"Almost the same, like the return of Kaji Narayan Shrestha's threat.",['Narayan']
24,25,25,त्यहाँभित्र दावानल छ,Yes,['दावा'],There is wildfire within.,['Dawa']
25,26,26,पोखरा,Yes,['पोखरा'],Pokhara,['Pokhara']
26,27,27,उक्त ट्रफी शनिबार विहान पोखरा ल्याइपुर्याइएको थियो,Yes,['पोखरा'],The trophy was brought to Pokhara on Saturday morning.,['Pokhara']
27,28,28,आईसीसी ट्रफी पोखरा रंगशालामा आयोजना गरिएको पीपीएलको मैदानमा प्रदर्शनमा राखिएको थियो,Yes,"['मैदान', 'पोखरा']",The ICC trophy was put on display at the PPL ground organized at Pokhara Stadium.,"['Maidan (Field/Plain)', 'Pokhara']"
28,29,29,इलाम र पाँचथर जिल्लाका विभिन्न सीमावर्ती क्षेत्रबाट प्याराग्लाइडिङको परीक्षण उडान सफल भएको छ,Yes,['इलाम'],The test flight of paragliding has been successful from various border areas of Ilam and Panchthar districts.,['Ilam']
29,30,30,"प्याकेज १ अन्तर्गत आयोजनाको मुख्य बाँध र नदी फर्काउनका लागि अस्थायी बाँध निर्माणका लागि भारतको जयप्रकाश एशोसियट्स लिमिटेड, सोङदा कर्पोरेशन/कालिका कन्ट्रक्सन जेभी, एससीसी डोकास इन्ट्रिगेडेड, चाइना गेजुवा ग्रुप लिमिटेड र सीएमसी डी रेभेना इटालीले प्रतिस्पर्धामा भाग लिने पाउनेछन्",Yes,['कालिका'],"Under package 1, for the construction of the main dam of the project and a temporary dam to divert the river, Jayaprakash Associates Limited of India, Songda Corporation/Kalika Construction JV, SCC Dokas Intrigated, China Gejuwa Group Limited, and CMC D Ravenna Italy will be eligible to participate in the competition.",['Kalika']
30,31,31,आयोजनाबाट उत्पादन हुने बिजुली तनहुँको दमौलीबाट ३९ किलोमिटर लामो २२० केभी प्रसारणलाइनको निर्माण गरी भरतपुर पुर्याइनेछ,Yes,['भरतपुर'],The electricity generated from the project will be delivered to Bharatpur by constructing a 39-kilometer-long 220 kV transmission line from Damauli in Tanahun.,['Bharatpur']
31,32,32,पक्राउ पर्नेमा जोरपाटी बस्ने सिन्धुली दुधौली नगरपालिका–५ का २२ वर्षीय तेज अधिकारी र दोलखा झ्याकु गौरीशंकर गाउँपालिका–४ का ३४ वर्षीय बिक्रम तामाङ रहेका छन्,Yes,['गौरीशंकर'],"Those arrested are 22-year-old Tej Adhikari of Sindhuli Dudhauli Municipality-5, who resides in Jorpati, and 34-year-old Bikram Tamang of Dolakha Jhyaku Gaurishankar Rural Municipality-4.",['Gaurishankar']
32,33,33,पक्राउ पर्नेमा जोरपाटी बस्ने सिन्धुली दुधौली नगरपालिका–५ का २२ वर्षीय तेज अधिकारी र दोलखा झ्याकु गौरीशंकर गाउँपालिका–४ का ३४ वर्षीय बिक्रम तामाङ रहेका छन्,Yes,['गौरीशंकर'],"Those arrested are 22-year-old Tej Adhikari of Sindhuli Dudhauli Municipality-5, who resides in Jorpati, and 34-year-old Bikram Tamang of Dolakha Jhyaku Gaurishankar Rural Municipality-4.",['Gaurishankar']
33,34,34,नारायणकाजी श्रेष्ठ पनि प्रचण्डको रणनीतिको घेराभित्र अटाएनन्,Yes,['नारायण'],Narayan Kaji Shrestha also didn't fit within Prachanda's strategic circle.,['Narayan']
34,35,35,नारायणकाजी श्रेष्ठ पनि प्रचण्डको रणनीतिको घेराभित्र अटाएनन्,Yes,['नारायण'],Narayan Kaji Shrestha also didn't fit within Prachanda's strategic circle.,['Narayan']
35,36,36,त्यस्तै तत्कालीन पर्यटन मन्त्री जीवनबहादुर शाही र जीतेन्द्रनारायण देव तथा वर्तमान पर्यटन मन्त्री रविन्द्र अधिकारीले अनियमित तरिकाबाट जहाज खरिद प्रक्रिया अगाडि बढ्दा पनि विभागीय मन्त्रीको रूपमा बहाल रहेको अवस्थामा यथेष्ठ सतर्कता नअपनाएको देखिँदा उनीहरूले नैतिक जिम्मेवारी लिनुपर्ने र कानुनसम्मत कारबाही गर्न पनि सम्बद्ध निकायलाई निर्देशन दिएको छ,Yes,['नारायण'],"Similarly, the then Tourism Minister Jeevan Bahadur Shahi and Jitendra Narayan Dev, and the current Tourism Minister Rabindra Adhikari, also did not exercise sufficient caution while remaining in office as departmental ministers even when the process of purchasing the plane was moved forward in an irregular manner, so they should take moral responsibility and the concerned authorities have also been instructed to take legal action.",['Narayan']
36,37,37,पक्राउ पर्नेमा दैलेख गुराँस गाउँपालिका–२ बस्ने ३६ वर्षीय कमलबहादुर खत्री र कञ्चनपुर पुनर्बास गाउँपालिका–४ बस्ने २० वर्षीय हरि ढकाल रहेका छन्,Yes,['कञ्चनपुर'],"Those arrested are 36-year-old Kamal Bahadur Khatri, resident of Dailekh Guran Rural Municipality-2, and 20-year-old Hari Dhakal, resident of Kanchanpur Punarvas Rural Municipality-4.",['Kanchanpur']
37,38,38,पक्राउ पर्नेमा दैलेख गुराँस गाउँपालिका–२ बस्ने ३६ वर्षीय कमलबहादुर खत्री र कञ्चनपुर पुनर्बास गाउँपालिका–४ बस्ने २० वर्षीय हरि ढकाल रहेका छन्,Yes,['कञ्चनपुर'],"Those arrested are 36-year-old Kamal Bahadur Khatri, resident of Dailekh Guran Rural Municipality-2, and 20-year-old Hari Dhakal, resident of Kanchanpur Punarvas Rural Municipality-4.",['Kanchanpur']
38,40,40,नारायणहिटीमा बन्धक बनेको शासकीय अधिकार आफ्नै हातमा फिर्ता ल्याए,Yes,['नारायण'],He brought back to his own hands the governing authority that had been held captive in Narayanhiti.,['Narayan']
39,42,42,नारायणहिटीमा बन्धक बनेको शासकीय अधिकार आफ्नै हातमा फिर्ता ल्याए,Yes,['नारायण'],He brought back to his own hands the governing authority that had been held captive in Narayanhiti.,['Narayan']
40,43,43,"कार्यक्रमको सिलसिलामा बिहीबार भरतपुर पुगेका प्रचण्डले विमानस्थलमा सञ्चारकर्मीसँग सङ्क्षिप्त कुराकानी गर्दै भने, “भेनेजुएलाको राजनीतिक संकटका बारेमा सचिवालय र सरकारको वक्तव्य आइसकेको छ, व्यक्तिको प्रतिक्रियाको कुनै अर्थ छैन",Yes,['भरतपुर'],"Prachanda, who reached Bharatpur on Thursday in connection with a program, said while talking briefly to journalists at the airport, ""The statement of the secretariat and the government has already been issued regarding the political crisis in Venezuela, the reaction of the individual has no meaning.""",['Bharatpur']
41,44,44,"कार्यक्रमको सिलसिलामा बिहीबार भरतपुर पुगेका प्रचण्डले विमानस्थलमा सञ्चारकर्मीसँग सङ्क्षिप्त कुराकानी गर्दै भने, “भेनेजुएलाको राजनीतिक संकटका बारेमा सचिवालय र सरकारको वक्तव्य आइसकेको छ, व्यक्तिको प्रतिक्रियाको कुनै अर्थ छैन",Yes,['भरतपुर'],"Prachanda, who reached Bharatpur on Thursday in connection with a program, said while talking briefly to journalists at the airport, ""The statement of the secretariat and the government has already been issued regarding the political crisis in Venezuela, the reaction of the individual has no meaning.""",['Bharatpur']
42,45,45,"” 
देवघाट",Yes,['देवघाट'],"""",['Devghat']
43,46,46,"बिहीवार बिहान यस समाचारलाई नागरिक, राजधानी, गोरखापत्र, अन्नपूर्ण पोस्ट तथा कान्तिपुरले महत्त्वका साथ प्रकाशित गरे",Yes,['गोरखा'],"On Thursday morning, this news was published with importance by Nagarik, Rajdhani, Gorkhapatra, Annapurna Post and Kantipur.",['Gorkha']
44,47,47,नागरिक तथा राजधानीले सात कोलममा ब्यानर समाचार बनाए भने गोरखापत्र र पोस्टले चार कोलमको मुख्य समाचार बनाए,Yes,['गोरखा'],"Nagarik and Rajdhani made it a banner news in seven columns, while Gorkhapatra and Post made it the main news in four columns.",['Gorkha']
45,49,49,” मुलुकमा गणतन्त्र आउनुअघि नारायणहिटी दरबारमाथि जहाज तथा हेलिकोप्टर उडानमा प्रतिबन्ध लगाइएको थियो,Yes,['नारायण'],""" Before the country became a republic, the flight of planes and helicopters over Narayanhiti Palace was banned.",['Narayan']
46,50,50,गणतन्त्र स्थापनापछि नारायणहिटी छाडेर राष्ट्रपति भवनमाथि उड्न प्रतिबन्ध लगाइएको हो,Yes,['नारायण'],"After the establishment of the republic, the ban was imposed on flying over the President's House after leaving Narayanhiti.",['Narayan']
47,51,51,"पश्चिमतर्फ जाँदा भने सीतापाइला, मैजु (मनमैजु), टोखा, थानकोटलगायत स्थान यथावत राखिएका छन्",Yes,['टोखा'],"While going towards the west, places like Sitapaila, Maiju (Manamaiju), Tokha, Thankot etc. have been kept as they are.",['Tokha']
48,52,52,” मुलुकमा गणतन्त्र आउनुअघि नारायणहिटी दरबारमाथि जहाज तथा हेलिकोप्टर उडानमा प्रतिबन्ध लगाइएको थियो,Yes,['नारायण'],""" Before the country became a republic, the flight of planes and helicopters over Narayanhiti Palace was banned.",['Narayan']
49,53,53,गणतन्त्र स्थापनापछि नारायणहिटी छाडेर राष्ट्रपति भवनमाथि उड्न प्रतिबन्ध लगाइएको हो,Yes,['नारायण'],"After the establishment of the republic, the ban was imposed on flying over the President's House after leaving Narayanhiti.",['Narayan']
50,54,54,"पश्चिमतर्फ जाँदा भने सीतापाइला, मैजु (मनमैजु), टोखा, थानकोटलगायत स्थान यथावत राखिएका छन्",Yes,['टोखा'],"While going towards the west, places like Sitapaila, Maiju (Manamaiju), Tokha, Thankot etc. have been kept as they are.",['Tokha']
51,55,55,ताप्लेजुङको कन्चनजङ्घा आसपास केन्द्रबिन्दु भएर आज ४.६ रिक्टर स्केलको भूकम्प गएको छ,Yes,[ 'ताप्लेजुङ'],An earthquake of 4.6 Richter scale has occurred today with its epicenter around Kanchanjunga of Taplejung.,['Taplejung']
52,56,56,गोरखा भूकम्पछि निरन्तर परकम्प गइरहेका छन्,Yes,['गोरखा'],Aftershocks are continuously occurring after the Gorkha earthquake.,['Gorkha']
53,57,57,विसं २०७२ वैशाख १२ को ७.६ रिक्टर स्केलको गोरखा भूकम्पपछि हालसम्म ५१० परकम्प गएको केन्द्रले जनाएको छ,Yes,['गोरखा'],"According to the center, 510 aftershocks have occurred so far after the 7.6 Richter scale Gorkha earthquake of Baisakh 12, 2072 BS.",['Gorkha']
54,58,58,मेलम्ची आयोजनालाई एउटा सचिवले बन्धक बनाएर राख्दा समेत सरकार टुलुटुलु हेरेर बसेको पोस्टको भनाइ छ,Yes,['मेलम्ची'],The Post's statement is that the government has been sitting idly by even when a secretary has held the Melamchi project hostage.,['Melamchi']
55,59,59,बरु गोरखापत्रले सरकारको समर्थनमा राखेको अडान स्पष्ट छ,Yes,['गोरखा'],"Rather, Gorkhapatra has a clear stance in support of the government.",['Gorkha']
56,60,60,गोरखापत्र आफ्नो सम्पादकीयमा कुनै प्रकारले अलमलमा परेको देखिदैन,Yes,['गोरखा'],Gorkhapatra does not seem to be confused in any way in its editorial.,['Gorkha']
57,61,61,ललितपुरको नख्खुस्थित एनसेल प्रालिको गेटमा विष्फोट हुँदा एक जनाको मृत्यु र दुईजना घाइते भएपछि सरकार विप्लवविरुद्ध आक्रामक बन्न लागेको हो,Yes,['ललितपुर'],"The government has become aggressive against Biplav after one person died and two were injured in an explosion at the gate of Ncell Pvt. Ltd. in Nakhkhu, Lalitpur.",['Lalitpur']
58,62,62,उच्च स्रोतका अनुसार ललितपुरमा गराइएको विष्फोटमा विप्लवकै आफन्तको संलग्नता रहेको हुनसक्ने निष्कर्ष प्रहरीले निकालेको छ,Yes,['ललितपुर'],"According to high sources, the police have concluded that the relatives of Biplav may have been involved in the explosion in Lalitpur.",['Lalitpur']
59,63,63,"ललितपुरमा बम बोकेर विप्लवकै नातेदार आएको सूचना हामीलाई छ,” एक प्रहरी अधिकारीले भने",Yes,['ललितपुर'],"We have information that Biplav's relatives came to Lalitpur carrying bombs,"" said a police officer.",['Lalitpur']
60,64,64,ललितपुरको नख्खुस्थित एनसेल प्रालिको गेटमा विष्फोट हुँदा एक जनाको मृत्यु र दुईजना घाइते भएपछि सरकार विप्लवविरुद्ध आक्रामक बन्न लागेको हो,Yes,['ललितपुर'],"The government has become aggressive against Biplav after one person died and two were injured in an explosion at the gate of Ncell Pvt. Ltd. in Nakhkhu, Lalitpur.",['Lalitpur']
61,65,65,उच्च स्रोतका अनुसार ललितपुरमा गराइएको विष्फोटमा विप्लवकै आफन्तको संलग्नता रहेको हुनसक्ने निष्कर्ष प्रहरीले निकालेको छ,Yes,['ललितपुर'],"According to high sources, the police have concluded that the relatives of Biplav may have been involved in the explosion in Lalitpur.",['Lalitpur']
62,66,66,"ललितपुरमा बम बोकेर विप्लवकै नातेदार आएको सूचना हामीलाई छ,” एक प्रहरी अधिकारीले भने",Yes,['ललितपुर'],"We have information that Biplav's relatives came to Lalitpur carrying bombs,"" said a police officer.",['Lalitpur']
63,67,67,ललितपुरको नख्खुमा रहेको एनसेल कार्यालयलाई लक्षित गरी बम विस्फोट गराएको आरोपमा नेत्रविक्रम चन्दकै पूर्वअंगरक्षक पक्राउ परेका छन्,Yes,['ललितपुर'],"Netra Bikram Chand's former bodyguard has been arrested on the charge of bombing the Ncell office in Nakhkhu, Lalitpur.",['Lalitpur']
64,68,68,ललितपुरको नख्खुमा रहेको एनसेल कार्यालयलाई लक्षित गरी बम विस्फोट गराएको आरोपमा नेत्रविक्रम चन्दकै पूर्वअंगरक्षक पक्राउ परेका छन्,Yes,['ललितपुर'],"Netra Bikram Chand's former bodyguard has been arrested on the charge of bombing the Ncell office in Nakhkhu, Lalitpur.",['Lalitpur']
65,69,69,पर्यटनमन्त्री रवीन्द्र अधिकारी चढेको हेलिकोप्टर ताप्लेजुङमा दुर्घटनामा परेको छ,Yes,[ 'ताप्लेजुङ'],The helicopter carrying Tourism Minister Rabindra Adhikari has crashed in Taplejung.,['Taplejung']
66,70,70,पर्यटनमन्त्री रवीन्द्र अधिकारी चढेको हेलिकोप्टर ताप्लेजुङमा दुर्घटनामा परेको छ,Yes,[ 'ताप्लेजुङ'],The helicopter carrying Tourism Minister Rabindra Adhikari has crashed in Taplejung.,['Taplejung']
67,71,71,एयर डाइनेष्टिको हेलिकोप्टर ताप्लेजुङमा दुर्घटना हुँदा पर्यटनमन्त्री रविन्द्र अधिकारीसहित सातजनाको मृत्यु भएको छ,Yes,[ 'ताप्लेजुङ'],"Seven people, including Tourism Minister Rabindra Adhikari, have died in a helicopter crash in Taplejung.",['Taplejung']
68,72,72,एयर डाइनेष्टिको हेलिकोप्टर ताप्लेजुङमा दुर्घटना हुँदा पर्यटनमन्त्री रविन्द्र अधिकारीसहित सातजनाको मृत्यु भएको छ,Yes,[ 'ताप्लेजुङ'],"Seven people, including Tourism Minister Rabindra Adhikari, have died in a helicopter crash in Taplejung.",['Taplejung']
69,73,73,"ताप्लेजुङको पाथीभरा नजिकै हेलिकोप्टर दुर्घटनामा मृत्यु भएका संस्कृति, पर्यटन तथा नागरिक उड्ययन मन्त्री रविन्द्र अधिकारीले अन्तिम सम्बोधनमा वर्तमान सरकार बनेपछि समृद्धिको यात्रामा अघि जान नदिनेहरु अत्तालिएको बताएका थिए",Yes,[ 'ताप्लेजुङ'],"Culture, Tourism and Civil Aviation Minister Rabindra Adhikari, who died in a helicopter crash near Pathibhara in Taplejung, said in his last address that those who do not want the journey of prosperity to move forward after the formation of the current government are frightened.",['Taplejung']
70,74,74,पोखरा,Yes,['पोखरा'],Pokhara,['Pokhara']
71,75,75,"ताप्लेजुङमा मंगलबार भएको हेलिकोप्टर दुर्घटनामा परी संस्कृति, पर्यटन तथा नागरिक उड्ययनमन्त्री रविन्द्र अधिकारीसहित सातजनाको मृत्यु भएको छ",Yes,[ 'ताप्लेजुङ'],"Seven people, including Minister of Culture, Tourism and Civil Aviation Rabindra Adhikari, have died in the helicopter crash in Taplejung on Tuesday.",['Taplejung']
72,76,76,प्रवेशिका उतीर्ण गर्नेबित्तिकै वनविज्ञान अध्ययन संस्थानमा भर्ना भएतापनि त्यसको केहि समयमै २०४२ सालमा पृथ्वीनारायण क्याम्पस पोखरामा अध्ययन गर्न थाले,Yes,"['पोखरा', 'नारायण']","As soon as he passed the entrance examination, he enrolled in the Institute of Forestry Studies, but after some time in 2042 BS, he started studying at Prithvi Narayan Campus Pokhara.","['Pokhara', 'Narayan']"
73,77,77,पृथ्वीनारायण क्याम्पसबाटै अधिकारीको राजनीतिक जीवन सुरुवात भएको थियो,Yes,['नारायण'],Adhikari's political life started from Prithvi Narayan Campus.,['Narayan']
74,78,78,"२०४४ सालमा अनेरास्ववियु पृथ्वीनारायण क्याम्पस कमिटीको अध्यक्ष, २०४५ सालमा स्ववियु पृथ्वीनारायण क्याम्पस सदस्य, २०४५ सालमा नै अनेरास्ववियु कास्की जिल्ला कमिटी अध्यक्ष, २०४७ सालमा गण्डकी अन्चल अध्यक्ष तथा अनेरास्ववियु केन्द्रीय सदस्य र २०४९ सालमा पृथ्वीनारायण क्याम्पस पोखरा र २०५३ सालमा त्रिभुवन विश्वविद्यालय केन्द्रीय क्याम्पस किर्तीपुरमा स्ववियु सभापतिमा निर्वाचित भएका थिए",Yes,"['पोखरा', 'नारायण']","In 2044 BS, he became the Chairman of ANNFSU Prithvi Narayan Campus Committee, in 2045 BS, a member of SWCU Prithvi Narayan Campus, in 2045 BS itself, the Chairman of ANNFSU Kaski District Committee, in 2047 BS, the Gandaki Regional Chairman and ANNFSU Central Member, and in 2049 BS, he was elected as the SWCU President at Prithvi Narayan Campus Pokhara and in 2053 BS at Tribhuvan University Central Campus Kirtipur.","['Pokhara', 'Narayan']"
75,79,79,०४६ सालको आन्दोलनको केन्द्र पोखरा थियो,Yes,['पोखरा'],Pokhara was the center of the movement of 2046 BS.,['Pokhara']
76,80,80,०४६ को परिवर्तनपछि विद्यार्थी आन्दोलन रचनात्मक र बढ्ता शैक्षिक मुद्दामा केन्द्रित हुनुपर्छ भन्ने उनको विचार पृथ्वीनारायण क्याम्पसबाट सुरुवात भएको थियो,Yes,['नारायण'],His idea that the student movement should be creative and more focused on educational issues after the change of 2046 BS started from Prithvi Narayan Campus.,['Narayan']
77,81,81,"२०४५ सालमा पार्टीको संगठित सदस्यता, २०३९ पार्टीको रेडगार्ड अर्गनाइजेसनमा संगठित २०४० मा इलाका पार्टी कमिटी, २०४६–४७ मा पोखरा नगर कमिटी, २०४८ मा पार्टी जिल्ला कमिटी र त्यसपछि लगातार जिल्ला कमिटीमा उनी सक्रिय थिए",Yes,['पोखरा'],"In 2045 BS, he became an organized member of the party, in 2039 he was organized in the Red Guard Organization of the party, in 2040 in the Area Party Committee, in 2046-47 in the Pokhara Nagar Committee, in 2048 in the Party District Committee, and after that he was continuously active in the District Committee.",['Pokhara']
78,82,82,पोखरा,Yes,['पोखरा'],Pokhara,['Pokhara']
79,83,83,"ताप्लेजुङमा मंगलबार भएको हेलिकोप्टर दुर्घटनामा परी संस्कृति, पर्यटन तथा नागरिक उड्ययनमन्त्री रविन्द्र अधिकारीसहित सातजनाको मृत्यु भएको छ",Yes,[ 'ताप्लेजुङ'],"Seven people, including Minister of Culture, Tourism and Civil Aviation Rabindra Adhikari, have died in the helicopter crash in Taplejung on Tuesday.",['Taplejung']
80,84,84,प्रवेशिका उतीर्ण गर्नेबित्तिकै वनविज्ञान अध्ययन संस्थानमा भर्ना भएतापनि त्यसको केहि समयमै २०४२ सालमा पृथ्वीनारायण क्याम्पस पोखरामा अध्ययन गर्न थाले,Yes,"['पोखरा', 'नारायण']","As soon as he passed the entrance examination, he enrolled in the Institute of Forestry Studies, but after some time in 2042 BS, he started studying at Prithvi Narayan Campus Pokhara.","['Pokhara', 'Narayan']"
81,85,85,पृथ्वीनारायण क्याम्पसबाटै अधिकारीको राजनीतिक जीवन सुरुवात भएको थियो,Yes,['नारायण'],Adhikari's political life started from Prithvi Narayan Campus.,['Narayan']
82,86,86,"२०४४ सालमा अनेरास्ववियु पृथ्वीनारायण क्याम्पस कमिटीको अध्यक्ष, २०४५ सालमा स्ववियु पृथ्वीनारायण क्याम्पस सदस्य, २०४५ सालमा नै अनेरास्ववियु कास्की जिल्ला कमिटी अध्यक्ष, २०४७ सालमा गण्डकी अन्चल अध्यक्ष तथा अनेरास्ववियु केन्द्रीय सदस्य र २०४९ सालमा पृथ्वीनारायण क्याम्पस पोखरा र २०५३ सालमा त्रिभुवन विश्वविद्यालय केन्द्रीय क्याम्पस किर्तीपुरमा स्ववियु सभापतिमा निर्वाचित भएका थिए",Yes,"['पोखरा', 'नारायण']","In 2044 BS, he became the Chairman of ANNFSU Prithvi Narayan Campus Committee, in 2045 BS, a member of SWCU Prithvi Narayan Campus, in 2045 BS itself, the Chairman of ANNFSU Kaski District Committee, in 2047 BS, the Gandaki Regional Chairman and ANNFSU Central Member, and in 2049 BS, he was elected as the SWCU President at Prithvi Narayan Campus Pokhara and in 2053 BS at Tribhuvan University Central Campus Kirtipur.","['Pokhara', 'Narayan']"
83,87,87,०४६ सालको आन्दोलनको केन्द्र पोखरा थियो,Yes,['पोखरा'],Pokhara was the center of the movement of 2046 BS.,['Pokhara']
84,88,88,०४६ को परिवर्तनपछि विद्यार्थी आन्दोलन रचनात्मक र बढ्ता शैक्षिक मुद्दामा केन्द्रित हुनुपर्छ भन्ने उनको विचार पृथ्वीनारायण क्याम्पसबाट सुरुवात भएको थियो,Yes,['नारायण'],His idea that the student movement should be creative and more focused on educational issues after the change of 2046 BS started from Prithvi Narayan Campus.,['Narayan']
85,89,89,"२०४५ सालमा पार्टीको संगठित सदस्यता, २०३९ पार्टीको रेडगार्ड अर्गनाइजेसनमा संगठित २०४० मा इलाका पार्टी कमिटी, २०४६–४७ मा पोखरा नगर कमिटी, २०४८ मा पार्टी जिल्ला कमिटी र त्यसपछि लगातार जिल्ला कमिटीमा उनी सक्रिय थिए",Yes,['पोखरा'],"In 2045 BS, he became an organized member of the party, in 2039 he was organized in the Red Guard Organization of the party, in 2040 in the Area Party Committee, in 2046-47 in the Pokhara Nagar Committee, in 2048 in the Party District Committee, and after that he was continuously active in the District Committee.",['Pokhara']
86,90,90,पोखरा,Yes,['पोखरा'],Pokhara,['Pokhara']
87,91,91,"नागरिक उड्डयन, संस्कृति तथा पर्यटनमन्त्री रविन्द्र अधिकारीको गृहजिल्ला, गण्डकी प्रदेशको राजधानी पोखरामा शुक्रबार गरिने भएको छ",Yes,['पोखरा'],"The funeral of Civil Aviation, Culture and Tourism Minister Rabindra Adhikari will be held on Friday in Pokhara, his home district and the capital of Gandaki Province.",['Pokhara']
88,92,92,पारिवारिक श्रोतले दिएको जानकारी अनुसार उनको अन्त्यष्टि शुक्रबार पोखरामै गर्न लागिएको हो,Yes,['पोखरा'],"According to the information given by the family source, his funeral is going to be held in Pokhara on Friday.",['Pokhara']
89,93,93,शुक्रबार बिहान अधिकारीको शव पोखरा ल्याउने तयारी भइरहेको छ,Yes,['पोखरा'],Preparations are underway to bring Adhikari's body to Pokhara on Friday morning.,['Pokhara']
90,94,94,पोखरामा शव ल्याएपछि अन्तिम श्रद्धाञ्जलीका लागि राखिने छ,Yes,['पोखरा'],"After bringing the body to Pokhara, it will be kept for final tributes.",['Pokhara']
91,95,95,"कार्यतालिका अनुसार पोखरा प्रदर्शनी केन्द्रमा अन्तिम सम्मान दिईने, नयाँ बजार-महेन्द्रपुल-रानीपौवा-हस्पिटल चोक हुँदै रामाघाटमा लगिने र त्यहाँ राजकीय सम्माका साथ अन्त्येष्टि गरिनेछ",Yes,"['रानीपौवा', 'पोखरा']","According to the schedule, the final tribute will be given at the Pokhara Exhibition Center, and it will be taken to Ramghat via Naya Bazar-Mahendrapul-Ranipauwa-Hospital Chowk, and the funeral will be held there with state honors.","['Ranipauwa', 'Pokhara']"
92,96,96,पोखरा,Yes,['पोखरा'],Pokhara,['Pokhara']
93,97,97,"नागरिक उड्डयन, संस्कृति तथा पर्यटनमन्त्री रविन्द्र अधिकारीको गृहजिल्ला, गण्डकी प्रदेशको राजधानी पोखरामा शुक्रबार गरिने भएको छ",Yes,['पोखरा'],"The funeral of Civil Aviation, Culture and Tourism Minister Rabindra Adhikari will be held on Friday in Pokhara, his home district and the capital of Gandaki Province.",['Pokhara']
94,98,98,पारिवारिक श्रोतले दिएको जानकारी अनुसार उनको अन्त्यष्टि शुक्रबार पोखरामै गर्न लागिएको हो,Yes,['पोखरा'],"According to the information given by the family source, his funeral is going to be held in Pokhara on Friday.",['Pokhara']
95,99,99,शुक्रबार बिहान अधिकारीको शव पोखरा ल्याउने तयारी भइरहेको छ,Yes,['पोखरा'],Preparations are underway to bring Adhikari's body to Pokhara on Friday morning.,['Pokhara']
96,100,100,पोखरामा शव ल्याएपछि अन्तिम श्रद्धाञ्जलीका लागि राखिने छ,Yes,['पोखरा'],"After bringing the body to Pokhara, it will be kept for final tributes.",['Pokhara']
97,101,101,"कार्यतालिका अनुसार पोखरा प्रदर्शनी केन्द्रमा अन्तिम सम्मान दिईने, नयाँ बजार-महेन्द्रपुल-रानीपौवा-हस्पिटल चोक हुँदै रामाघाटमा लगिने र त्यहाँ राजकीय सम्माका साथ अन्त्येष्टि गरिनेछ",Yes,"['रानीपौवा', 'पोखरा']","According to the schedule, the final tribute will be given at the Pokhara Exhibition Center, and it will be taken to Ramghat via Naya Bazar-Mahendrapul-Ranipauwa-Hospital Chowk, and the funeral will be held there with state honors.","['Ranipauwa', 'Pokhara']"
98,102,102,ताप्लेजुङमा बुधबार हेलिकोप्टर दुर्घटनामा मृत्यु भएका पर्यटनमन्त्री रवीन्द्र अधिकारीलगायतको शव त्रिवि शिक्षण अस्पतालमा ल्याइएपछि निकाल्ने प्रयास गरिँदै,Yes,[ 'ताप्लेजुङ'],"After the bodies of Tourism Minister Rabindra Adhikari and others who died in the helicopter crash in Taplejung on Wednesday were brought to the TU Teaching Hospital, an attempt is being made to remove them.",['Taplejung']
99,103,103,"तस्बिरः सौरभ रानाभाट 
ताप्लेजुङमा बुधबार हेलिकोप्टर दुर्घटनामा मृत्यु भएका पर्यटनमन्त्री रवीन्द्र अधिकारीलगायतको शव त्रिवि शिक्षण अस्पतालमा ल्याइएपछि निकाल्ने प्रयास गरिँदै",Yes,[ 'ताप्लेजुङ'],Photo: Saurabh Ranabhat,['Taplejung']
100,104,104,ताप्लेजुङको सिस्नेभीरमा बुधबार भएको हेलिकोप्टर दुर्घटनामा मृत्यु भएका पर्यटनमन्त्री रवीन्द्र अधिकारीलगायत सातै जनाको शवलाई अन्तिम श्रद्धाञ्जलीका लागि टुँडिखेलमा राखिएको छ,Yes,[ 'ताप्लेजुङ'],"The bodies of all seven people, including Tourism Minister Rabindra Adhikari, who died in the helicopter crash in Sisne Bhir of Taplejung on Wednesday, have been kept in Tundikhel for final tributes.",['Taplejung']
101,105,105,"छ वटा विमास्थलमा रात्रि उडान सञ्चालन गर्ने, धनगढी, विराटनगर र चन्द्रगढी विमानस्थलको काम अघि बढाउने कुरा अधिकारी कै सक्रियतामा भएको प्रधानमन्त्री ओलीले स्पष्ट पारे",Yes,['धनगढी'],"Prime Minister Oli clarified that operating night flights in six airports and advancing the work of Dhangadhi, Biratnagar and Chandragadhi airports were done on the initiative of Adhikari.",['Dhangadhi']
102,106,106,सभामुख कृष्णबहादुर महराले ताप्लेजुङ हेलिकोप्टर दुर्घटनामा परी निधन भएकाहरुका परिवारलाई भेटी सान्त्वना व्यक्त गरेका छन्,Yes,[ 'ताप्लेजुङ'],Speaker Krishna Bahadur Mahara has met and expressed condolences to the families of those who died in the Taplejung helicopter crash.,['Taplejung']
103,107,107,"ताप्लेजुङ हेलिकोप्टर दुर्घटनाले राज्यलाई निकै क्षति भएको भन्दै सभामुख महराले आ-आफ्नो क्षेत्रमा निकै कुशल, सक्षम र देशका लागि निकै भरोसायोग्य व्यक्तित्वहरुलाई गुमाउनुपरेको बताए",Yes,[ 'ताप्लेजुङ'],"Saying that the Taplejung helicopter crash has caused a great loss to the state, Speaker Mahara said that very skilled, capable and reliable personalities for the country have been lost in their respective fields.",['Taplejung']
104,108,108,सभामुख कृष्णबहादुर महराले ताप्लेजुङ हेलिकोप्टर दुर्घटनामा परी निधन भएकाहरुका परिवारलाई भेटी सान्त्वना व्यक्त गरेका छन्,Yes,[ 'ताप्लेजुङ'],Speaker Krishna Bahadur Mahara has met and expressed condolences to the families of those who died in the Taplejung helicopter crash.,['Taplejung']
105,109,109,"ताप्लेजुङ हेलिकोप्टर दुर्घटनाले राज्यलाई निकै क्षति भएको भन्दै सभामुख महराले आ-आफ्नो क्षेत्रमा निकै कुशल, सक्षम र देशका लागि निकै भरोसायोग्य व्यक्तित्वहरुलाई गुमाउनुपरेको बताए",Yes,[ 'ताप्लेजुङ'],"Saying that the Taplejung helicopter crash has caused a great loss to the state, Speaker Mahara said that very skilled, capable and reliable personalities for the country have been lost in their respective fields.",['Taplejung']
106,110,110,पोखरा,Yes,['पोखरा'],Pokhara,['Pokhara']
107,111,111,पोखरा,Yes,['पोखरा'],Pokhara,['Pokhara']
108,112,112,महामन्त्री कोइराला चैत १५ गते पाल्पा पुग्ने कार्यक्रम तय भएको छ,Yes,['पाल्पा'],General Secretary Koirala's program to reach Palpa has been scheduled for Chaitra 15.,['Palpa']
109,113,113,पाल्पामा अगुवा कार्यकर्ता भेलालाई सम्बोधन गरेर महामन्त्री कोइराला चैत १६ गते गुल्मी प्रस्थान गर्ने कार्यक्रम छ,Yes,['पाल्पा'],"After addressing the leading workers' meeting in Palpa, General Secretary Koirala has a program to leave for Gulmi on Chaitra 16.",['Palpa']
110,114,114,"पर्यटनमन्त्री रवीन्द्र अधिकारी, पर्यटन व्यवसायी आङछिरिङ शेर्पा चढेको हेलिकोप्टर ताप्लेजुङमा दुर्घटनामा परेको आज १३ दिन पुगेको छ",Yes,[ 'ताप्लेजुङ'],It has been 13 days since the helicopter carrying Tourism Minister Rabindra Adhikari and tourism entrepreneur Angchiring Sherpa crashed in Taplejung.,['Taplejung']
111,115,115,प्रवेशिका उतीर्ण गर्ने बित्तिकै वनविज्ञान अध्ययन संस्थानमा भर्ना भएतापनि त्यसको केही समयमै २०४२ सालमा पृथ्वीनारायण क्याम्पस पोखरामा अध्ययन गर्न थाले,Yes,"['पोखरा', 'नारायण']","As soon as he passed the entrance examination, he enrolled in the Institute of Forestry Studies, but after some time in 2042 BS, he started studying at Prithvi Narayan Campus Pokhara.","['Pokhara', 'Narayan']"
112,116,116,पृथ्वीनारायण क्याम्पसबाटै अधिकारीको राजनीतिक जीवन सुरुवात भएको थियो,Yes,['नारायण'],Adhikari's political life started from Prithvi Narayan Campus.,['Narayan']
113,117,117,"२०४४ सालमा अनेरास्ववियु पृथ्वीनारायण क्याम्पस कमिटीको अध्यक्ष, २०४५ सालमा स्ववियु पृथ्वीनारायण क्याम्पस सदस्य, २०४५ सालमा नै अनेरास्ववियु कास्की जिल्ला कमिटी अध्यक्ष, २०४७ सालमा गण्डकी अन्चल अध्यक्ष तथा अनेरास्ववियु केन्द्रीय सदस्य र २०४९ सालमा पृथ्वीनारायण क्याम्पस पोखरा र २०५३ सालमा त्रिभुवन विश्वविद्यालय केन्द्रीय क्याम्पस कीर्तिपुरमा स्ववियु सभापतिमा निर्वाचित भएका थिए",Yes,"['पोखरा', 'नारायण']","In 2044 BS, he became the Chairman of ANNFSU Prithvi Narayan Campus Committee, in 2045 BS, a member of SWCU Prithvi Narayan Campus, in 2045 BS itself, the Chairman of ANNFSU Kaski District Committee, in 2047 BS, the Gandaki Regional Chairman and ANNFSU Central Member, and in 2049 BS, he was elected as the SWCU President at Prithvi Narayan Campus Pokhara and in 2053 BS at Tribhuvan University Central Campus Kirtipur.","['Pokhara', 'Narayan']"
114,118,118,दाहाल प्रधानमन्त्री ओलीको स्वकीय सचिव हुनुपूर्व करिब साढे ३ वर्ष दमक नगरपालिकाका प्रमुख प्रशासकीय अधिकृतका पदमा कार्यत थिए,Yes,['दमक'],"Before becoming Prime Minister Oli's personal secretary, Dahal was working as the Chief Administrative Officer of Damak Municipality for about 3.5 years.",['Damak']
115,119,119,२०६५ साल माघमा इलाम नगरपालिकाको कार्यकारी अधिकृत भएका दाहालले इलामका लागि ठूलो योगदान दिएका छन्,Yes,['इलाम'],"Dahal, who became the Executive Officer of Ilam Municipality in Magh of 2065 BS, has made a great contribution to Ilam.",['Ilam']
116,120,120,इलामलाई मुलुककै पहिलो हरित नगरी बनाउने श्रेय उनैलाई जान्छ,Yes,['इलाम'],He is credited with making Ilam the first green city in the country.,['Ilam']
117,121,121,"प्रभाकर केसी– पाइलट, डाइनेस्टी एयर 
ताप्लेजुङमा दुर्घटना भएको हेलिकप्टरका पाइलट प्रभाकर केसी सन् २०१२ देखि पाइलट बनेका हुन्",Yes,[ 'ताप्लेजुङ'],"Prabhakar KC – Pilot, Dynasty Air",['Taplejung']
118,122,122,"पर्यटनमन्त्री रवीन्द्र अधिकारी, पर्यटन व्यवसायी आङछिरिङ शेर्पा चढेको हेलिकोप्टर ताप्लेजुङमा दुर्घटनामा परेको आज १३ दिन पुगेको छ",Yes,[ 'ताप्लेजुङ'],It has been 13 days since the helicopter carrying Tourism Minister Rabindra Adhikari and tourism entrepreneur Angchiring Sherpa crashed in Taplejung.,['Taplejung']
119,123,123,प्रवेशिका उतीर्ण गर्ने बित्तिकै वनविज्ञान अध्ययन संस्थानमा भर्ना भएतापनि त्यसको केही समयमै २०४२ सालमा पृथ्वीनारायण क्याम्पस पोखरामा अध्ययन गर्न थाले,Yes,"['पोखरा', 'नारायण']","As soon as he passed the entrance examination, he enrolled in the Institute of Forestry Studies, but after some time in 2042 BS, he started studying at Prithvi Narayan Campus Pokhara.","['Pokhara', 'Narayan']"
120,124,124,पृथ्वीनारायण क्याम्पसबाटै अधिकारीको राजनीतिक जीवन सुरुवात भएको थियो,Yes,['नारायण'],Adhikari's political life started from Prithvi Narayan Campus.,['Narayan']
121,125,125,"२०४४ सालमा अनेरास्ववियु पृथ्वीनारायण क्याम्पस कमिटीको अध्यक्ष, २०४५ सालमा स्ववियु पृथ्वीनारायण क्याम्पस सदस्य, २०४५ सालमा नै अनेरास्ववियु कास्की जिल्ला कमिटी अध्यक्ष, २०४७ सालमा गण्डकी अन्चल अध्यक्ष तथा अनेरास्ववियु केन्द्रीय सदस्य र २०४९ सालमा पृथ्वीनारायण क्याम्पस पोखरा र २०५३ सालमा त्रिभुवन विश्वविद्यालय केन्द्रीय क्याम्पस कीर्तिपुरमा स्ववियु सभापतिमा निर्वाचित भएका थिए",Yes,"['पोखरा', 'नारायण']","In 2044 BS, he became the Chairman of ANNFSU Prithvi Narayan Campus Committee, in 2045 BS, a member of SWCU Prithvi Narayan Campus, in 2045 BS itself, the Chairman of ANNFSU Kaski District Committee, in 2047 BS, the Gandaki Regional Chairman and ANNFSU Central Member, and in 2049 BS, he was elected as the SWCU President at Prithvi Narayan Campus Pokhara and in 2053 BS at Tribhuvan University Central Campus Kirtipur.","['Pokhara', 'Narayan']"
122,126,126,दाहाल प्रधानमन्त्री ओलीको स्वकीय सचिव हुनुपूर्व करिब साढे ३ वर्ष दमक नगरपालिकाका प्रमुख प्रशासकीय अधिकृतका पदमा कार्यत थिए,Yes,['दमक'],"Before becoming Prime Minister Oli's personal secretary, Dahal was working as the Chief Administrative Officer of Damak Municipality for about 3.5 years.",['Damak']
123,127,127,२०६५ साल माघमा इलाम नगरपालिकाको कार्यकारी अधिकृत भएका दाहालले इलामका लागि ठूलो योगदान दिएका छन्,Yes,['इलाम'],"Dahal, who became the Executive Officer of Ilam Municipality in Magh of 2065 BS, has made a great contribution to Ilam.",['Ilam']
124,128,128,इलामलाई मुलुककै पहिलो हरित नगरी बनाउने श्रेय उनैलाई जान्छ,Yes,['इलाम'],He is credited with making Ilam the first green city in the country.,['Ilam']
125,129,129,"प्रभाकर केसी– पाइलट, डाइनेस्टी एयर 
ताप्लेजुङमा दुर्घटना भएको हेलिकप्टरका पाइलट प्रभाकर केसी सन् २०१२ देखि पाइलट बनेका हुन्",Yes,[ 'ताप्लेजुङ'],"Prabhakar KC – Pilot, Dynasty Air",['Taplejung']
126,130,130,"विद्या भट्टराई भन्छिन्– त्यसदिन मैले उहाँ (रवीन्द्र) लाई शुभयात्रा पनि भन्‍न पाइनँ 
पोखरा",Yes,['पोखरा'],"Vidya Bhattarai says – That day, I didn't even get to wish him (Rabindra) a good journey.",['Pokhara']
127,131,131,फागुन १५ गते ताप्लेजुङमा भएको विमान दुर्घटनामा ज्यान गुमाएपछि स्व. अधिकारीको मालेपाटनस्थित घर मौन छ,Yes,"[ 'पाटन', 'ताप्लेजुङ']","After losing his life in the plane crash in Taplejung on February 27th, the home of the late Adhikari in Malepatan is silent.","['Patan', 'Taplejung']"
128,132,132,"विद्या भट्टराई भन्छिन्– त्यसदिन मैले उहाँ (रवीन्द्र) लाई शुभयात्रा पनि भन्‍न पाइनँ 
पोखरा",Yes,['पोखरा'],"Vidya Bhattarai says – That day, I didn't even get to wish him (Rabindra) a good journey.",['Pokhara']
129,133,133,फागुन १५ गते ताप्लेजुङमा भएको विमान दुर्घटनामा ज्यान गुमाएपछि स्व. अधिकारीको मालेपाटनस्थित घर मौन छ,Yes,"[ 'पाटन', 'ताप्लेजुङ']","After losing his life in the plane crash in Taplejung on February 27th, the home of the late Adhikari in Malepatan is silent.","['Patan', 'Taplejung']"
130,134,134,"त्यसैले म भन्छु, ताप्लेजुङ दुर्घटनाले तीन क्षेत्रका खम्बा गुमाएको छ",Yes,[ 'ताप्लेजुङ'],"That's why I say, the Taplejung accident has lost pillars of three sectors.",['Taplejung']
131,135,135,त्यसको भोलिपल्टै अर्थात् आज सोमबार नेकपाका अध्यक्ष पुष्पकमल दाहाल ‘प्रचण्ड’ पोखरा आए,Yes,['पोखरा'],"The very next day, that is, today, Monday, Chairman of the CPN, Pushpa Kamal Dahal 'Prachanda' came to Pokhara.",['Pokhara']
132,136,136,पोखरा आएका प्रचण्डले रवीन्द्रको निर्वाचित क्षेत्र कास्की–२ मा रवीन्द्रपत्नी विद्यालाई नै उम्मेदवार बनाउने संकेत दिएका छन्,Yes,['पोखरा'],"Prachanda, who came to Pokhara, has indicated that Vidya, Rabindra's wife, will be nominated as a candidate in Kaski-2, the constituency elected by Rabindra.",['Pokhara']
133,137,137,सोमबार बिहान पोखरा विमानस्थलमा आयोजित पत्रकार सम्मेलनमा बोल्दै उनले रवीन्द्रको परिवार पनि राजनीतिक भएकोले त्यही भित्रबाट उमेदवार बन्न सक्ने बताएका हुन्,Yes,['पोखरा'],"Speaking at a press conference held at Pokhara Airport on Monday morning, he said that Rabindra's family is also political, so the candidate can be from within that family.",['Pokhara']
134,138,138,पोखरा,Yes,['पोखरा'],Pokhara,['Pokhara']
135,139,139,त्यसको भोलिपल्टै अर्थात् आज सोमबार नेकपाका अध्यक्ष पुष्पकमल दाहाल ‘प्रचण्ड’ पोखरा आए,Yes,['पोखरा'],"The very next day, that is, today, Monday, Chairman of the CPN, Pushpa Kamal Dahal 'Prachanda' came to Pokhara.",['Pokhara']
136,140,140,पोखरा आएका प्रचण्डले रवीन्द्रको निर्वाचित क्षेत्र कास्की–२ मा रवीन्द्रपत्नी विद्यालाई नै उम्मेदवार बनाउने संकेत दिएका छन्,Yes,['पोखरा'],"Prachanda, who came to Pokhara, has indicated that Vidya, Rabindra's wife, will be nominated as a candidate in Kaski-2, the constituency elected by Rabindra.",['Pokhara']
137,141,141,सोमबार बिहान पोखरा विमानस्थलमा आयोजित पत्रकार सम्मेलनमा बोल्दै उनले रवीन्द्रको परिवार पनि राजनीतिक भएकोले त्यही भित्रबाट उमेदवार बन्न सक्ने बताएका हुन्,Yes,['पोखरा'],"Speaking at a press conference held at Pokhara Airport on Monday morning, he said that Rabindra's family is also political, so the candidate can be from within that family.",['Pokhara']
138,142,142,बीपी कोइराला स्वास्थ्य विज्ञान प्रतिष्ठान धरानका उपकुलपति प्रा डा राजकुमार रौनियारलाई कारबाहीका लागि सिफारिस गरिएको छ,Yes,['धरान'],BP Koirala Institute of Health Sciences Dharan's Vice-Chancellor Prof. Dr. Raj Kumar Rauniyar has been recommended for action.,['Dharan']
139,143,143,पोखरा,Yes,['पोखरा'],Pokhara,['Pokhara']
140,144,144,"दर्ता नभएका, नवीकरण नगरेका र कर नतिरेका प्याराग्लाइडिङ कम्पनीलाई पोखरा महानगरपालिकाले फेरि म्याद थप्ने तयारी गरेको छ",Yes,['पोखरा'],"Pokhara Metropolitan City is preparing to extend the deadline again for paragliding companies that have not been registered, renewed, and have not paid taxes.",['Pokhara']
141,145,145,पोखरा महानगरपालिका राजस्व विभाग प्रमुख रोमनाथ उपाध्यायले बुधबारसम्म कुल २० वटा कम्पनी मात्र सम्पर्कमा आएको जानकारी दिए,Yes,['पोखरा'],"Romnath Upadhyay, head of Pokhara Metropolitan City Revenue Department, informed that only 20 companies have come into contact till Wednesday.",['Pokhara']
142,146,146,"यस्तो छ कर 
कास्कीमा सराङकोट, तोरीपानी, मान्द्रेढुंगा र डिकीडाँडाबाट प्याराग्लाइडिङ उडाउन अनुमति छ",Yes,['तोरीपानी'],Here is the tax,['Toripani']
143,147,147,हाल पोखरा महानगर १८ मा पर्ने सराङकोट तत्कालिन सराङकोट गाविस थियो,Yes,['पोखरा'],"Sarangkot, which is currently in Pokhara Metropolitan-18, was the then Sarangkot VDC.",['Pokhara']
144,148,148,सराङकोट पोखरा उपमहागनरमा गाभिएपछि उपमहानगरले वार्षिक ५ हजार ५ सय रुपैयाँ कर लिने निर्णय गर्‍यो,Yes,['पोखरा'],"After Sarangkot was merged into Pokhara Sub-metropolitan City, the sub-metropolitan city decided to levy an annual tax of Rs 5,500.",['Pokhara']
145,149,149,उनीहरुले आर्थिक वर्ष २०७२-०७३ यता कर नै नतिरेको पोखरा महानगरपालिका-१८ का वडाध्यक्ष रणबहादुर थापाको भनाइ छ,Yes,['पोखरा'],"According to Ran Bahadur Thapa, Ward Chairman of Pokhara Metropolitan City-18, they have not paid taxes since the fiscal year 2072-073.",['Pokhara']
146,150,150,पोखरा,Yes,['पोखरा'],Pokhara,['Pokhara']
147,151,151,"दर्ता नभएका, नवीकरण नगरेका र कर नतिरेका प्याराग्लाइडिङ कम्पनीलाई पोखरा महानगरपालिकाले फेरि म्याद थप्ने तयारी गरेको छ",Yes,['पोखरा'],"Pokhara Metropolitan City is preparing to extend the deadline again for paragliding companies that have not been registered, renewed, and have not paid taxes.",['Pokhara']
148,152,152,पोखरा महानगरपालिका राजस्व विभाग प्रमुख रोमनाथ उपाध्यायले बुधबारसम्म कुल २० वटा कम्पनी मात्र सम्पर्कमा आएको जानकारी दिए,Yes,['पोखरा'],"Romnath Upadhyay, head of Pokhara Metropolitan City Revenue Department, informed that only 20 companies have come into contact till Wednesday.",['Pokhara']
149,153,153,"यस्तो छ कर 
कास्कीमा सराङकोट, तोरीपानी, मान्द्रेढुंगा र डिकीडाँडाबाट प्याराग्लाइडिङ उडाउन अनुमति छ",Yes,['तोरीपानी'],Here is the tax,['Toripani']
150,154,154,हाल पोखरा महानगर १८ मा पर्ने सराङकोट तत्कालिन सराङकोट गाविस थियो,Yes,['पोखरा'],"Sarangkot, which is currently in Pokhara Metropolitan-18, was the then Sarangkot VDC.",['Pokhara']
151,155,155,सराङकोट पोखरा उपमहागनरमा गाभिएपछि उपमहानगरले वार्षिक ५ हजार ५ सय रुपैयाँ कर लिने निर्णय गर्‍यो,Yes,['पोखरा'],"After Sarangkot was merged into Pokhara Sub-metropolitan City, the sub-metropolitan city decided to levy an annual tax of Rs 5,500.",['Pokhara']
152,156,156,उनीहरुले आर्थिक वर्ष २०७२-०७३ यता कर नै नतिरेको पोखरा महानगरपालिका-१८ का वडाध्यक्ष रणबहादुर थापाको भनाइ छ,Yes,['पोखरा'],"According to Ran Bahadur Thapa, Ward Chairman of Pokhara Metropolitan City-18, they have not paid taxes since the fiscal year 2072-073.",['Pokhara']
153,157,157,"राष्ट्रिय सभागृहको हस्ताक्षरपछिकोदोस्रो दिन,हाल प्रदेश २ को राजधानी जनकपुर पुगेका राउतलाई समर्थकहरुले स्वतन्त्र मधेसको नारा र त्यस्तै सामग्रीसहित स्वागत गरे",Yes,['जनकपुर'],"On the second day after the signing at the National Assembly Hall, Raut, who has now reached Janakpur, the capital of Province 2, was welcomed by supporters with slogans of independent Madhes and similar materials.",['Janakpur']
154,158,158,"राष्ट्रिय सभागृहको हस्ताक्षरपछिकोदोस्रो दिन,हाल प्रदेश २ को राजधानी जनकपुर पुगेका राउतलाई समर्थकहरुले स्वतन्त्र मधेसको नारा र त्यस्तै सामग्रीसहित स्वागत गरे",Yes,['जनकपुर'],"On the second day after the signing at the National Assembly Hall, Raut, who has now reached Janakpur, the capital of Province 2, was welcomed by supporters with slogans of independent Madhes and similar materials.",['Janakpur']
155,159,159,सरकारले बीपी कोइराला स्वास्थ्य विज्ञान प्रतिष्ठान धरानका उपकुलपति प्राडा राजकुमार रौनियारलाई पदबाट हटाएको छ,Yes,['धरान'],"The government has removed Prof. Dr. Raj Kumar Rauniyar, Vice-Chancellor of BP Koirala Institute of Health Sciences Dharan, from his post.",['Dharan']
156,160,160,सरकारले बीपी कोइराला स्वास्थ्य विज्ञान प्रतिष्ठान धरानका उपकुलपति प्राडा राजकुमार रौनियारलाई पदबाट हटाएको छ,Yes,['धरान'],"The government has removed Prof. Dr. Raj Kumar Rauniyar, Vice-Chancellor of BP Koirala Institute of Health Sciences Dharan, from his post.",['Dharan']
157,161,161,पोखरा,Yes,['पोखरा'],Pokhara,['Pokhara']
158,162,162,"दर्ता नभएका, नवीकरण नगरेका र कर नतिरेका प्याराग्लाइडिङ कम्पनीले उडान भर्न खोजेपछि पोखरा महानगरले ती कम्पनीका गाडी कब्जामा लिएको छ",Yes,['पोखरा'],"Pokhara Metropolitan City has seized the vehicles of paragliding companies that tried to fly without being registered, renewed, and without paying taxes.",['Pokhara']
159,163,163,"यस्तो छ कर कास्कीमा सराङकोट, तोरीपानी, मान्द्रेढुंगा र डिकीडाँडाबाट प्याराग्लाइडिङ उडाउन अनुमति छ",Yes,['तोरीपानी'],"Here is the tax Paragliding is allowed to fly from Sarangkot, Toripani, Mandredhunga and Dikidanda in Kaski.",['Toripani']
160,164,164,हाल पोखरा महानगर–१८ मा पर्ने सराङकोट तत्कालीन सराङकोट गाविस थियो,Yes,['पोखरा'],"Sarangkot, which is currently in Pokhara Metropolitan City-18, was the then Sarangkot VDC.",['Pokhara']
161,165,165,सराङकोट पोखरा उपमहागनरमा गाभिएपछि उपमहानगरले वार्षिक ५ हजार ५ सय रुपैयाँ कर लिने निर्णय गर्यो,Yes,['पोखरा'],"After Sarangkot was merged into Pokhara Sub-metropolitan City, the sub-metropolitan city decided to levy an annual tax of Rs 5,500.",['Pokhara']
162,166,166,उनीहरुले आर्थिक वर्ष २०७२–०७३ यता कर नै नतिरेको पोखरा महानगरपालिका वडा नं. १८ का वडाध्यक्ष रणबहादुर थापाको भनाइ छ,Yes,['पोखरा'],"According to Ran Bahadur Thapa, Ward Chairman of Pokhara Metropolitan City Ward No. 18, they have not paid taxes since the fiscal year 2072-073.",['Pokhara']
163,167,167,पोखरा महानगरलाई तिर्नुपर्ने कर नतिरेपछि पोखराको आकाशमा प्याराग्लाइडिङ उडान भर्दै आइरहेका दुई कम्पनी बन्द भएका छन्,Yes,['पोखरा'],Two companies that have been flying paragliding in the sky of Pokhara have been closed after not paying taxes to Pokhara Metropolitan City.,['Pokhara']
164,168,168,पोखरा महानगरले पटकपटक कर तिर्नका लागि म्याद थप गरेपनि अटेर गर्ने एडभान्स प्याराग्लाइडिङ कम्पनी र गोल्डेन हेभन प्याराग्लाइडिङ कम्पनी बन्द गरिएको पोखरा महानगरका सूचना अधिकारी गंगालाल सुवेदीले जानकारी दिए,Yes,['पोखरा'],"Ganga Lal Subedi, Information Officer of Pokhara Metropolitan City, informed that Advance Paragliding Company and Golden Heaven Paragliding Company have been closed after repeatedly extending the deadline for paying taxes but refusing to do so.",['Pokhara']
165,169,169,पोखरामा हाल ४० वटा कम्पनीले व्यावसायिक उडान भर्दै आइरहेका छन्,Yes,['पोखरा'],"Currently, 40 companies are commercially flying in Pokhara.",['Pokhara']
166,170,170,सो रकम वडा कार्यालय वा पोखरा महानगरपालिका जहाँ बुझाएपनि हुन्छ,Yes,['पोखरा'],The amount can be submitted to the ward office or Pokhara Metropolitan City wherever you want.,['Pokhara']
167,171,171,यीमध्ये पनि ५६ वटाले पोखरा महानगरपालिकाबाट पनि स्वीकृति लिएका छन्,Yes,['पोखरा'],"Among these, 56 have also taken approval from Pokhara Metropolitan City.",['Pokhara']
168,172,172,पोखरा,Yes,['पोखरा'],Pokhara,['Pokhara']
169,173,173,"दर्ता नभएका, नवीकरण नगरेका र कर नतिरेका प्याराग्लाइडिङ कम्पनीले उडान भर्न खोजेपछि पोखरा महानगरले ती कम्पनीका गाडी कब्जामा लिएको छ",Yes,['पोखरा'],"Pokhara Metropolitan City has seized the vehicles of paragliding companies that tried to fly without being registered, renewed, and without paying taxes.",['Pokhara']
170,174,174,"यस्तो छ कर कास्कीमा सराङकोट, तोरीपानी, मान्द्रेढुंगा र डिकीडाँडाबाट प्याराग्लाइडिङ उडाउन अनुमति छ",Yes,['तोरीपानी'],"Here is the tax Paragliding is allowed to fly from Sarangkot, Toripani, Mandredhunga and Dikidanda in Kaski.",['Toripani']
171,175,175,हाल पोखरा महानगर–१८ मा पर्ने सराङकोट तत्कालीन सराङकोट गाविस थियो,Yes,['पोखरा'],"Sarangkot, which is currently in Pokhara Metropolitan City-18, was the then Sarangkot VDC.",['Pokhara']
172,176,176,सराङकोट पोखरा उपमहागनरमा गाभिएपछि उपमहानगरले वार्षिक ५ हजार ५ सय रुपैयाँ कर लिने निर्णय गर्यो,Yes,['पोखरा'],"After Sarangkot was merged into Pokhara Sub-metropolitan City, the sub-metropolitan city decided to levy an annual tax of Rs 5,500.",['Pokhara']
173,177,177,उनीहरुले आर्थिक वर्ष २०७२–०७३ यता कर नै नतिरेको पोखरा महानगरपालिका वडा नं. १८ का वडाध्यक्ष रणबहादुर थापाको भनाइ छ,Yes,['पोखरा'],"According to Ran Bahadur Thapa, Ward Chairman of Pokhara Metropolitan City Ward No. 18, they have not paid taxes since the fiscal year 2072-073.",['Pokhara']
174,178,178,पोखरा महानगरलाई तिर्नुपर्ने कर नतिरेपछि पोखराको आकाशमा प्याराग्लाइडिङ उडान भर्दै आइरहेका दुई कम्पनी बन्द भएका छन्,Yes,['पोखरा'],Two companies that have been flying paragliding in the sky of Pokhara have been closed after not paying taxes to Pokhara Metropolitan City.,['Pokhara']
175,179,179,पोखरा महानगरले पटकपटक कर तिर्नका लागि म्याद थप गरेपनि अटेर गर्ने एडभान्स प्याराग्लाइडिङ कम्पनी र गोल्डेन हेभन प्याराग्लाइडिङ कम्पनी बन्द गरिएको पोखरा महानगरका सूचना अधिकारी गंगालाल सुवेदीले जानकारी दिए,Yes,['पोखरा'],"Ganga Lal Subedi, Information Officer of Pokhara Metropolitan City, informed that Advance Paragliding Company and Golden Heaven Paragliding Company have been closed after repeatedly extending the deadline for paying taxes but refusing to do so.",['Pokhara']
176,180,180,पोखरामा हाल ४० वटा कम्पनीले व्यावसायिक उडान भर्दै आइरहेका छन्,Yes,['पोखरा'],"Currently, 40 companies are commercially flying in Pokhara.",['Pokhara']
177,181,181,सो रकम वडा कार्यालय वा पोखरा महानगरपालिका जहाँ बुझाएपनि हुन्छ,Yes,['पोखरा'],The amount can be submitted to the ward office or Pokhara Metropolitan City wherever you want.,['Pokhara']
178,182,182,यीमध्ये पनि ५६ वटाले पोखरा महानगरपालिकाबाट पनि स्वीकृति लिएका छन्,Yes,['पोखरा'],"Among these, 56 have also taken approval from Pokhara Metropolitan City.",['Pokhara']
179,183,183,पोखरा,Yes,['पोखरा'],Pokhara,['Pokhara']
180,184,184,पोखरामा फेरि प्याराग्लाइडिङ दुर्घटना भएको छ,Yes,['पोखरा'],Another paragliding accident has occurred in Pokhara.,['Pokhara']
181,185,185,पोखरा,Yes,['पोखरा'],Pokhara,['Pokhara']
182,186,186,पोखरामा फेरि प्याराग्लाइडिङ दुर्घटना भएको छ,Yes,['पोखरा'],Another paragliding accident has occurred in Pokhara.,['Pokhara']
183,187,187,"पोखरास्थित टिम फाइभ प्याराग्लाइडिङ कम्पनीका राजु आचार्य, शङ्कर पराजुली र नारायण पराजुलीले उक्त ठाउँबाट प्याराग्लाइडिङको सफल परीक्षण गरेका हुन्",Yes,"['पोखरा', 'नारायण']","Raju Acharya, Shankar Parajuli and Narayan Parajuli of Team Five Paragliding Company in Pokhara have successfully tested paragliding from that place.","['Pokhara', 'Narayan']"
184,188,188,पोखरास्थित टिम फाइभ प्याराग्लाइडिङ कम्पनीका आचार्यले उक्त ठाउँ प्याराग्लाइडिङका लागि उपयुक्त रहेको बताए,Yes,['पोखरा'],Acharya of Team Five Paragliding Company in Pokhara said that the place is suitable for paragliding.,['Pokhara']
185,189,189,पोखरा र बन्दीपुरमा विगत सात वर्षदेखि प्याराग्लाइडिङ उडान गर्दै आएका उनले यस ठाउँमा व्यावसायिक रूपमा नै प्याराग्लाइडिङ गर्न सकिने सम्भावना रहेको जानकारी दिए,Yes,['पोखरा'],"He, who has been flying paragliding in Pokhara and Bandipur for the past seven years, informed that there is a possibility of doing paragliding commercially in this place.",['Pokhara']
186,190,190,"पोखरास्थित टिम फाइभ प्याराग्लाइडिङ कम्पनीका राजु आचार्य, शङ्कर पराजुली र नारायण पराजुलीले उक्त ठाउँबाट प्याराग्लाइडिङको सफल परीक्षण गरेका हुन्",Yes,"['पोखरा', 'नारायण']","Raju Acharya, Shankar Parajuli and Narayan Parajuli of Team Five Paragliding Company in Pokhara have successfully tested paragliding from that place.","['Pokhara', 'Narayan']"
187,191,191,पोखरास्थित टिम फाइभ प्याराग्लाइडिङ कम्पनीका आचार्यले उक्त ठाउँ प्याराग्लाइडिङका लागि उपयुक्त रहेको बताए,Yes,['पोखरा'],Acharya of Team Five Paragliding Company in Pokhara said that the place is suitable for paragliding.,['Pokhara']
188,192,192,पोखरा र बन्दीपुरमा विगत सात वर्षदेखि प्याराग्लाइडिङ उडान गर्दै आएका उनले यस ठाउँमा व्यावसायिक रूपमा नै प्याराग्लाइडिङ गर्न सकिने सम्भावना रहेको जानकारी दिए,Yes,['पोखरा'],"He, who has been flying paragliding in Pokhara and Bandipur for the past seven years, informed that there is a possibility of doing paragliding commercially in this place.",['Pokhara']
189,193,193,"ताप्लेजुङको तारेभिरमा भएको हेलिकप्टर दुर्घटनामा ज्यान गुमाएका संस्कृति, पर्यटन तथा नागरिक उड्डयनमन्त्री रवीन्द्र अधिकारीको स्मृतिमा प्रतिष्ठान स्थापना गरिने भएको छ",Yes,[ 'ताप्लेजुङ'],"An academy will be established in memory of Culture, Tourism and Civil Aviation Minister Rabindra Adhikari, who lost his life in a helicopter crash in Tarebhir, Taplejung.",['Taplejung']
190,194,194,"ताप्लेजुङको तारेभिरमा भएको हेलिकप्टर दुर्घटनामा ज्यान गुमाएका संस्कृति, पर्यटन तथा नागरिक उड्डयनमन्त्री रवीन्द्र अधिकारीको स्मृतिमा प्रतिष्ठान स्थापना गरिने भएको छ",Yes,[ 'ताप्लेजुङ'],"An academy will be established in memory of Culture, Tourism and Civil Aviation Minister Rabindra Adhikari, who lost his life in a helicopter crash in Tarebhir, Taplejung.",['Taplejung']
191,195,195,आइतबार बेलुका बारा र पर्सा जिल्लामा अकस्मात् आएको हावाहुरी र असिनापानीले २७ जनाको मृत्यु भएको छ,Yes,['पर्सा'],27 people have died due to the sudden storm and hailstorm that hit Bara and Parsa districts on Sunday evening.,['Parsa']
192,196,196,गृह मन्त्रालयका प्रवक्ता रामकृष्ण सुवेदीले सोमबार बेलुका जारी गरेको प्रेस विज्ञप्तिमा बारामा २६ र पर्सामा एकजनाको मृत्यु भएको उल्लेख छ,Yes,['पर्सा'],A press release issued by Home Ministry spokesperson Ramakrishna Subedi on Monday evening stated that 26 people died in Bara and one in Parsa.,['Parsa']
193,197,197,"घटनामा परी मृत्यु हुनेमा बाराको फेटा गाउँपालिकाका– १ का ५० वर्षीय हरिनारायण दास, ४५ वर्षीया मनोरमा देवीदास, २४ वर्षीया रुनी देवी, ६ वर्षीय नन्द पटेल, १२ वर्षीया रुवि खातुन, विविमा खातुन, ५० वर्षीया मुस्तकिमा खातुन, २५ वर्षीया मिना खातुनको सनाखत भएको छ",Yes,['नारायण'],"Among those who died in the incident are 50-year-old Harinarayan Das, 45-year-old Manorama Devidas, 24-year-old Runi Devi, 6-year-old Nand Patel, 12-year-old Ruby Khatun, Bibima Khatun, 50-year-old Mustakima Khatun, 25-year-old Mina Khatun of Pheta Rural Municipality-1 of Bara.",['Narayan']
194,198,198,यस्तै पर्सा वीरगञ्जका सरोज रामको सनाखत भएको मन्त्रालयले जनाएको छ,Yes,['पर्सा'],"Similarly, the ministry has stated that Saroj Ram of Parsa Birgunj has been identified.",['Parsa']
195,199,199,उक्त घटनामा ६६८ जना घाइते भएका छन् भने २८४ जना प्रारम्भिक उपचारपछि घर फर्केका छन् भने ३७५ जनाको पर्सा र बाराका विभिन्न अस्पतालहरुमा उपचार भइरहेको छ,Yes,['पर्सा'],"668 people have been injured in the incident, while 284 people have returned home after initial treatment, while 375 people are being treated in various hospitals in Parsa and Bara.",['Parsa']
196,200,200,प्रदेश नम्बर २ का मुख्यमन्त्री लालबाबु राउतले बारा र पर्सामा हावाहुरीका कारण निधन भएका पीडित परिवारका लागि प्रदेश सरकारले घर निर्माण गर्न सहयोग गर्ने घोषणा गरेका छन्,Yes,['पर्सा'],"Chief Minister of Province No. 2, Lalbabu Raut, has announced that the provincial government will help build houses for the families of the victims who died due to the storm in Bara and Parsa.",['Parsa']
197,201,201,प्रदेश नम्बर २ का मुख्यमन्त्री लालबाबु राउतले बारा र पर्सामा हावाहुरीका कारण निधन भएका पीडित परिवारका लागि प्रदेश सरकारले घर निर्माण गर्न सहयोग गर्ने घोषणा गरेका छन्,Yes,['पर्सा'],"Chief Minister of Province No. 2, Lalbabu Raut, has announced that the provincial government will help build houses for the families of the victims who died due to the storm in Bara and Parsa.",['Parsa']
198,202,202,वीरगन्जमा रहेको भारतीय कन्सुलेट कार्यालयले बारा र पर्सामा हावाहुरीपछि प्रभावित भएका परिवारलाई राहत वितरण गरेको छ,Yes,['पर्सा'],The Indian Consulate Office in Birgunj has distributed relief to the families affected by the storm in Bara and Parsa.,['Parsa']
199,203,203,आइतबार बारा र पर्सामा आएको हावाहुरीले २९ जनाको ज्यान गएको छ भने सयौं घाइते भएका छन्,Yes,['पर्सा'],29 people have died and hundreds have been injured in the storm that hit Bara and Parsa on Sunday.,['Parsa']
